Big Bird,1,Sesame Street,Fakeville,12345
Mark Jones,2,6755 Tony Gateway,Karenhaven,14115
Cindy Morgan,3,513 William Harbors Suite 812,Port Cindy,73906
Deborah Stuart,4,3106 Smith Street,Andersonland,30008
Christopher Thomas,5,26016 Patricia Route,Matthewshire,80195
Jennifer Mcdaniel,6,174 Webb Turnpike,Ethanton,81279
Austin Saunders,7,52133 Reed Rue,Castroshire,07244
Mary Webb,8,76075 Herbert Vista Suite 274,Sharonstad,06219
John Parker,9,107 Miller Vista,Daniellemouth,81109
Charles Mckee,10,114 Moore Flats,Bowenfurt,43348
Joseph Garcia,11,98058 Connie Orchard Suite 622,Lake Michaelfurt,28751
Jennifer Bailey,12,6714 Scott Route,Gomezberg,78595
Suzanne Schwartz,13,4506 Shields Divide Apt. 096,Luisbury,70244
Lacey Davis,14,7638 Kelly Hollow,South Charles,62127
William Davis,15,314 Teresa Spurs Suite 355,Lake Timothyview,34017
Carol Owen,16,5594 Debbie Vista,North Gabrielle,48113
Jacqueline Poole,17,72336 Bradley Route Suite 969,New Joshua,97491
Ann Christian,18,9022 Williams Haven Suite 385,Hallport,08822
Cole Webb,19,190 Sanchez Squares Suite 353,East Lisa,53122
Bonnie Gill,20,56207 Anthony Greens Apt. 922,West David,19464
Dominique Hunt,21,277 Smith Track Apt. 582,Lake Brittanybury,20673
Lisa Garcia,22,5041 Taylor Grove Apt. 931,Hamiltonport,83474
Robert Taylor,23,7513 Mason Unions Apt. 258,South Stephen,33274
Katie Johnson,24,67399 Samantha Crossroad Suite 697,Stevensonshire,73099
Andrew Franco,25,9241 Cathy Keys,North Veronicaborough,19664
Dakota Smith MD,26,17067 Cook Road Apt. 994,New Kennethshire,27293
Annette Weber,27,508 Kemp Crossing Suite 017,Thomastown,77008
Chelsea Robinson,28,42938 Jon Oval Suite 807,South Reneetown,65221
Debra Espinoza,29,352 Rivera Lodge,West Bill,20866
Julie Norman,30,296 Danielle Knoll,North Michelle,88143
Katherine Smith,31,10352 Johnson Grove,Anthonystad,72794
Tami Hill,32,848 Amanda Circles,North Cesar,34304
Robert Carter,33,665 Chavez Ford,Castroton,34954
Jeffrey Williams,34,2441 Erik Stravenue Apt. 823,Carolineburgh,01485
David Moore,35,2218 Jim Pike Apt. 549,North Mario,24219
Matthew Mayer,36,083 Sanchez Center Suite 707,East Antonio,29544
Ethan Hansen,37,543 Daniel Plaza,West Crystalview,79010
Zoe Miller,38,188 Melissa Manor,New Timothyhaven,52663
Laura Wilkinson,39,526 Tina Junctions,New Natashafort,44280
Katherine Carter,40,925 Marcus Flat,Newmanmouth,59864
Mr. Javier Collins,41,1016 Ferguson Plaza,New Jill,17315
Brett Bell,42,491 Mario Way Apt. 464,Robertville,72645
Alex Hernandez,43,28624 Joan Shoal,Matthewfort,35884
Lisa Ramirez,44,2594 Jackson Junctions Apt. 293,Port Katieside,22000
Malik Harrington,45,25136 Griffin Village Apt. 181,Stewarttown,89698
Heather Brown,46,73258 Cannon Ridge Suite 079,Lake John,98475
Richard Johnson,47,4424 Angela Coves Suite 602,South Mark,27281
Jessica Hughes,48,772 Gerald Turnpike,Rogerschester,26587
Laura White,49,123 King Shores Apt. 563,South Jacob,19758
Cynthia Kim,50,2212 Dale Ridge,North Holly,76042
Jeffrey Mills,51,97833 Ryan Freeway Apt. 457,Freemanland,49357
Ronald Lopez,52,368 Melissa Walk Suite 092,Mejiaborough,75721
Melissa Diaz,53,301 Joel Street,Santosmouth,34386
Jennifer Lopez,54,8054 Brandon Manor,East Alexandria,88370
Maxwell Hart,55,66415 Anderson Dam Suite 612,East Ronaldton,67517
Lindsey Russo,56,1491 Love Oval,North Lauraport,68000
Becky Hernandez,57,1949 Taylor Mission,Villarrealburgh,18746
Meghan Christensen,58,68428 Atkinson Rapids Apt. 639,West Danielle,41155
Holly Garrett,59,981 Weaver Route Apt. 513,Vanceland,74692
Haley Stewart,60,869 Holder Stravenue Apt. 651,Teresamouth,00980
Mark Daniels,61,223 Wilson Stream Suite 025,Schaeferchester,39132
Lindsay Carter,62,530 Scott Cliff Apt. 858,Carolynburgh,29656
Rachel Daniels,63,176 Sergio Spur,Kingstad,71355
Rhonda Barrett,64,4232 Hannah Land,Brianmouth,28476
Jason Middleton,65,7220 Kim Ridges Suite 886,Baldwinchester,92166
Melissa Nguyen,66,38854 Frazier Harbor Apt. 246,East Patrickchester,09028
Austin Mejia,67,59548 White Pike Suite 412,Masseyburgh,30678
Jessica Morrison,68,0305 Grimes Square Apt. 183,East Jill,94745
Carol Byrd,69,1793 Lucas Inlet,Colleenmouth,99473
Luis Hines,70,53549 Shawn Course,West Tanya,61327
Nicole Alexander,71,7059 Wright Prairie Apt. 895,Luisbury,14688
Elizabeth Fernandez,72,091 Destiny Parkways,Port Dawn,74205
Ralph Golden,73,284 Diaz Street Suite 252,Alejandrofort,66671
Alison Ramos,74,5942 Hansen Expressway,Craigchester,96932
Lisa Santiago,75,9626 Laura Skyway,Colemanshire,41250
Ronnie Buchanan,76,38254 Robert Port Apt. 159,Benjaminchester,90874
Kristen Robinson,77,43798 Kramer Locks,Ramirezfort,21335
Lance Martin,78,046 Cooley Mountains,Villarrealshire,00611
Trevor Huynh,79,325 Smith Point Apt. 306,Jeremyhaven,85005
Kathy Scott,80,636 Brianna Streets,Leonardview,53382
Laurie Lewis,81,6941 Jones Islands,West Bradleyhaven,35553
Ricky Spencer,82,63364 Smith Hill Apt. 363,Malloryfurt,10676
Rachel Chavez,83,3410 Anthony Fords Apt. 257,Tiffanybury,73926
Heather Lopez,84,705 Moore Vista,Joshualand,60113
John Coleman,85,37465 Lori River Apt. 534,Port Joshua,64342
Tyler Adams,86,24068 Chang Summit Suite 708,Nashmouth,85323
Erika Ford,87,8951 Guerra Coves Apt. 402,South John,27534
Paul Smith,88,83005 Tanner Manor,West Cassandra,67891
Marc Brown,89,717 Mark Loop,New Jenniferburgh,45232
Joshua Hodges,90,181 Moore Loop Apt. 139,Johnton,39351
Ray Newman,91,74565 French Shore Apt. 001,West Amber,57274
Bob Lester,92,01426 Russell Trafficway,New Robert,57911
Brian Robinson,93,5316 Ochoa Ranch,New Daniel,58653
Kristen Li,94,92576 Lane Place Suite 360,Torresville,74564
Adrian Lee,95,450 Joyce Walk,East Daltonburgh,83319
Jacob Strickland,96,21786 Nguyen Circle,New Erica,33944
Beth Young,97,0824 Holly Flats Suite 799,Lake Barbarabury,42463
Natalie Chavez,98,653 Stewart Unions Suite 739,Cindyton,08008
Connie Jennings,99,1141 Palmer Well Apt. 545,Lake Reginaldland,89019
Shane Davis,100,7127 Pena Island,Lake Debramouth,51162
Ashley Davis MD,101,37529 Thompson Pike Apt. 369,South Katherine,44314
Robert Murillo,102,386 Gregory Turnpike Apt. 519,Port Sarah,41368
Cheryl Russo,103,9909 Baker Gardens Suite 672,Lake Kaylamouth,65028
Linda Castaneda,104,99390 Hudson Wall,Josephbury,85893
Sheri Hopkins,105,0411 Michael Village Suite 070,Port Laurenbury,37570
Meghan Miller,106,951 Beck Village,Jordanfort,38650
Richard Vance,107,9898 Susan Lane,Melindamouth,11884
Jonathan Daniels MD,108,393 Walker Lodge,East Amanda,67392
Diane Shepard,109,2458 Jensen Union Suite 195,Santosmouth,63280
Benjamin Vargas,110,593 Melissa Row Suite 656,Doughertyberg,71731
Jared Collier,111,53284 Anderson Neck,Lake Thomasville,05832
Bridget Cox,112,792 Robert Springs Apt. 989,Lake Thomasburgh,24822
Ebony Alvarez,113,64049 Tommy Stravenue Apt. 169,Rivasshire,70680
Donald Lambert,114,718 Cynthia Villages,Andrewchester,40808
Bradley Mayer,115,270 Stewart Gateway Apt. 964,New Teresa,24109
Stacy Mccoy,116,8987 Mccoy Green,South Michael,50786
Mark Dalton,117,125 Lewis Place Suite 656,Timothytown,65894
Jordan Barnes,118,6175 Brian Stream Suite 190,South Jamesmouth,06147
Mario Hicks,119,8744 Robinson Junction Suite 225,Lopezchester,61300
Katie Hayes,120,555 Kaitlyn Mill,West Michael,48125
Phillip Jones,121,531 Lewis Estate Apt. 346,South Josephchester,71284
Erika Williams,122,1659 Eric Parkway Apt. 538,Gonzalezborough,01864
Kyle Jones,123,135 King Passage,Lunaton,90828
Rebecca Holmes,124,32186 Jonathan Estate,New Megan,46390
Brent Gill,125,393 Kathryn Views Suite 906,West Isaacport,72142
Terry Bishop,126,56743 Kimberly Garden Suite 922,North Megan,93474
Corey Jackson,127,837 Katie Camp Suite 987,Samuelview,01149
Janice Roberts,128,6723 Jeremiah Passage Apt. 201,Port Sharonville,16634
Dylan Beard,129,359 Erin Parks,Washingtonbury,03389
Jessica Thomas MD,130,629 Julia Keys,Marktown,52719
Martha Cox,131,91778 Jennifer Crossroad Suite 138,West Chadchester,07329
Alexandra Williamson,132,20322 Gonzales Trafficway Suite 934,Laurenberg,62213
Susan Young,133,751 Webb Cape,Aaronbury,28989
Emily Walters,134,1803 Lee Summit,East Catherineview,90023
Karen Campbell,135,6186 Moyer Plaza,New Brendaport,23163
John Hamilton,136,999 Chris Place Suite 697,New Kathleen,50424
Michael Barajas,137,23852 Jones Island Apt. 000,East Michelle,09940
Kristen Wood,138,21162 John Locks,North Brendanfort,92488
Stacey Randall,139,844 Garcia Wells Suite 554,New Jonathanborough,10953
Austin Sellers,140,243 Alec Drive Apt. 785,North David,10445
Nicole Jones,141,541 Elizabeth Alley,New Stephanie,22182
Autumn Williamson,142,457 Welch Ramp,Ronaldville,42075
Bobby Collins,143,4200 Luis Coves,Baxterfort,26699
Michael Curtis,144,385 Wang Expressway,Singletonmouth,24471
John Todd,145,8467 Wall Branch,Ashleyfurt,94404
Felicia Li,146,59418 Yoder Harbor Suite 066,Rickeyfurt,13666
Emily Snow,147,508 Perez Motorway,Monroeberg,22309
Eric Robinson,148,6671 Matthew Plains Apt. 045,New Josephtown,13844
Jessica Lucas,149,6130 Megan Dale Suite 376,South Thomas,01033
Andrew Copeland,150,6131 Shepherd Stream Apt. 120,Jessicafurt,85029
Taylor Smith,151,74481 Smith Ferry,Phyllisfurt,55057
John Thompson,152,30089 Rhodes Track Apt. 905,Port Kristen,56110
Edward Hill,153,22118 Jose Row Suite 665,North Monicafort,34842
Scott Garcia,154,0128 Mark Mills,Port Sara,04578
Thomas Woods,155,13767 David Fort Suite 854,Brownburgh,26422
Janice Wright,156,06675 James Forge,Port Teresaland,04573
Sara Murphy,157,638 Roberts Canyon Suite 190,Lake Jerrybury,87558
William Zimmerman,158,981 Marcus Shoal Apt. 328,South Erinshire,50610
Erik Avila,159,86107 Erica Ford,Kingberg,98125
Steven Flores,160,003 Lewis Plains,Christopherberg,11512
Amanda Odonnell,161,6965 Andrew Cove,Lake Danaville,56203
Jessica Gonzalez,162,869 Lawson Knolls,Lake Steven,37762
Crystal Gordon,163,6655 Fletcher Street,Bradyville,53599
Anna Scott,164,9597 Chang Forge Apt. 538,Brownmouth,19524
Paul James,165,4951 Erika Summit,Fullerberg,55090
Robin Smith,166,9855 Robert Shoal Apt. 761,East John,88315
Kathryn Wilson,167,83316 Tiffany Union Suite 548,Romerochester,54571
Tyler Harrison,168,62976 Sandra Manors Suite 566,Hayeshaven,14167
Heather Oconnell,169,220 Karl Drive,Petersbury,48719
Ashley Miller,170,084 Gonzalez Summit,Kaylabury,78482
Thomas Thompson,171,21465 Brenda Shoal Apt. 436,Annafurt,50773
Molly Long,172,606 Turner Stravenue,Jenniferberg,46236
Mr. Dustin Weber,173,87425 James Viaduct Apt. 477,Gouldside,47912
Ashley Pineda,174,949 Smith Grove,East Reneemouth,87854
Sandra Randolph,175,267 Wagner Extensions,Kendraburgh,29105
Joel Walton,176,518 Roberta Plaza Apt. 860,Roberthaven,92018
Tiffany Turner,177,32375 Tanner Meadows,Joshuatown,32588
Tom Williams,178,88046 Dawn Path,Port Kelly,34300
Raymond Li,179,941 Mary Port,Reneestad,38517
Patrick Dunn,180,9485 Jasmin Tunnel Suite 854,West Dennis,82052
Renee Hart,181,381 Wells Meadow Apt. 289,North Cindy,88142
Jacqueline Mcgee,182,756 Sarah Via Suite 718,South Craigmouth,79458
Larry Hernandez,183,6817 Kevin Branch,Julianborough,05689
Jeremy Lewis,184,1606 Cisneros Rue Suite 383,South Evelyn,93665
Maurice Moore,185,1247 Alvarez Forge Apt. 714,Millerview,11494
Terry West,186,75660 Chang Viaduct Suite 384,Kingmouth,55188
Susan Gomez,187,115 William Summit Apt. 020,New Linda,87513
Kristie Smith,188,4553 Katelyn Plain,Adamsmouth,24005
Megan Berry,189,13266 Connie Trace Apt. 228,South Kimberly,95895
Gary Leon,190,828 Thompson Walk Suite 396,Sarahmouth,11744
Stephanie Holmes,191,556 Elizabeth Junctions Apt. 399,Port Michellestad,80188
Robert Bowers,192,97178 Mcintosh Locks,Port Garrettfurt,46914
Mary Price,193,6955 Bush Forest Apt. 465,Luisburgh,39757
David Collins,194,532 Tammy Expressway Suite 853,Penningtonstad,68661
Elizabeth Jenkins,195,1991 Melissa Rue,Port Kathyborough,02890
George Rodriguez,196,2030 Wright Knoll Suite 657,South Darrellmouth,83714
Derek Yates,197,4440 Palmer Row,Lake Michellemouth,30482
Tyler Brown,198,1430 Craig Burgs Suite 963,Richardsonland,01751
Laura Ruiz,199,46123 Booth Estate Suite 537,South Vanessaland,93489
Cheryl Young,200,28301 Peters Villages Suite 823,Robertside,47670
Susan Myers,201,248 Scott Run,Lauraborough,18714
Sean Obrien,202,50295 Williams Burg,Cherylton,05693
Cathy Clark,203,1115 Kenneth Path Suite 572,North Mark,18826
Amanda Weber,204,77975 Michael Islands Apt. 845,South Jamesberg,35885
Amy Ferguson,205,0452 Morgan Garden,Weaverside,98958
Alan Kemp,206,611 Jessica Walk Apt. 578,North Lorichester,52928
Steven Miller,207,2140 Brown Island,North Isabel,33081
Catherine Hardy,208,487 Amy Junction Apt. 256,Evanbury,18798
Bradley Bishop,209,04995 Evans Ferry,New Kristenton,77197
John Castillo,210,9841 Elizabeth Freeway Suite 256,Josephburgh,86848
William Powell,211,96015 Anne Centers Apt. 230,New Paulborough,59931
Nicole Campbell,212,968 Henry Greens Suite 060,West Amandaberg,42659
Kelly Murphy,213,877 Pollard Trail Apt. 617,South Kristi,89949
Lee Johnson,214,33889 Lee Station Suite 426,Lewiston,05678
Jerry Gray,215,71478 Edwards Canyon,Williamshire,10265
Janet Allen,216,851 Winters Skyway,Elizabethmouth,33126
George Richards,217,26611 Brown Port Suite 033,Douglasport,64387
Jesus Foster,218,958 Mark Forest,East Craigton,84543
Terri Alvarado,219,074 Merritt Trail Suite 375,West Scott,49006
Justin Mckay,220,67619 Hopkins Extension Suite 961,Lake Kennethhaven,87309
Zachary Ellis,221,74909 Trevor Route,Seanshire,34268
James Sexton,222,0246 Chavez Stream Suite 813,Kochtown,13130
Mary Blake,223,407 Marcus Ramp Apt. 643,North Jamesstad,77318
Nicole Clarke,224,435 Coleman Spring,North Amy,37894
Robert Bell,225,1845 Dennis Roads,Meyerton,96554
Allison Garner,226,42636 Bullock Walks Suite 264,East Sarah,55708
James Newton,227,7132 Amy Centers Suite 215,Port Timothymouth,54366
Joshua Marshall,228,534 Martinez Glens Suite 953,Padillaville,22797
Deborah Humphrey,229,52639 Samantha Views,West Michellemouth,30870
Eddie Fernandez,230,1427 Doyle Street Suite 642,Michaelmouth,14654
Elizabeth Jones,231,162 Gina Road Apt. 528,East Timothy,63185
Michael Santos,232,6596 Rose Row Apt. 897,East Sheri,55393
Kayla Garcia,233,5141 Donna Rapid,Watersborough,36382
Diane Hansen,234,33003 Sherri Lake Apt. 727,Cameronport,30302
Jennifer Grimes,235,7001 Mcdonald Brooks Apt. 171,Thomastown,84417
Crystal Smith,236,73437 Jesse Keys Suite 284,Carolynchester,75290
Michele Swanson,237,076 Bentley Port Suite 044,New Laurafort,80738
Colin Ellis,238,7783 Burns Path Suite 429,Kathleenmouth,92515
Ann Stafford,239,4765 Moran Hills Suite 602,New Victoriamouth,91107
Eduardo Chan,240,2798 Davis Trail,Marciaview,02522
Philip Hayden,241,61866 Henry Mills Suite 029,New Adam,45091
Jessica Williams,242,6926 Walsh Spring,South Jermaineside,22188
Gregory White,243,481 Powell Ridge,Ericshire,25662
Samantha Harris,244,52849 Walker Ferry,Lake Michaelberg,95011
Sheri Carroll,245,744 Kelly Course,Cassandraland,62247
Tamara Green,246,97281 Christopher Pike,Stephensport,80618
Christine Cline,247,436 Lindsay Plaza,Port Brian,28547
Steven Daniels,248,48018 Dennis Stravenue,New Nancymouth,89871
Samantha Torres,249,3971 Mark Flats,Lake Jamesmouth,77335
Danielle Benson,250,2391 Townsend Center,Valdezfurt,53875
Susan Pena,251,3850 Sarah Throughway Apt. 405,North Erin,04331
Jason Evans,252,6589 Ramos Prairie,West Mason,79016
Geoffrey Alvarez,253,34816 Jeffery Lock,West Lisa,33336
Scott Cardenas,254,4719 Barrera Ridges Suite 885,Brianborough,18580
Casey Morris,255,19692 Salazar Track,Lake Brooke,41449
Ernest Thomas,256,7922 Hill Throughway Suite 967,Kimberlyview,22232
Angela Daniels,257,7923 Melissa Isle Suite 268,North Kimberlybury,53306
Laura Maldonado,258,0417 Roberson Flat,New Curtis,26475
Dennis Booker,259,3187 Patricia Hill Suite 313,Lake Ashleymouth,93805
Wanda Parks,260,27647 Robert Shore Apt. 442,Sylviaside,88844
Dennis Ramirez,261,9911 David Flats,Dominguezburgh,65798
Todd Weaver,262,184 Christopher Courts,North Hannah,38851
Krystal Brown,263,0138 Stacy Dale Apt. 195,Kimberlystad,38842
Roberto Long,264,0416 Amy Stream,Melissamouth,92542
Angela Fuller,265,627 Chambers Landing Apt. 813,Seanside,85333
Matthew King,266,8452 Smith Roads,Port Jeffrey,10203
Heather Lane,267,1754 Matthew Groves Apt. 927,Lake Denise,13596
Robin Johnson,268,47474 Daniel Radial,Stephaniechester,07578
Brooke Wilson,269,515 Shawn Via Apt. 608,Smithton,55110
Julie Brown,270,24816 Waller Radial Suite 781,Pamelaburgh,01260
Lisa Cortez,271,874 Allen Hollow Apt. 214,West Luisshire,47649
Melissa Anderson,272,90458 Wheeler Glen Suite 806,Andersonfurt,43845
Samantha Jones,273,1706 Singleton Light Suite 874,New Jason,97033
Savannah Robinson,274,24588 Leon Green Suite 182,Port Joseview,93435
Frank Koch,275,30293 Anthony Curve,Jamesborough,00742
Mrs. Destiny White,276,3100 Rebecca Plains Suite 634,Jameshaven,49076
Kyle Dyer,277,156 Jackson Expressway,Carlsonfurt,61936
Douglas Rodriguez,278,551 Karen Trace Apt. 657,Michellechester,21050
Michael Cain,279,49349 Davis Hollow Suite 443,Feliciafurt,80315
Bianca Fuller,280,6233 Eric Cliffs,Sharonmouth,82460
Jennifer Smith,281,1295 Ramirez Hills Apt. 396,North Justinton,61644
Andrew Dunn,282,3865 Martha Divide Apt. 698,North Jennifertown,33593
Jennifer Martin,283,35064 Misty Ways Apt. 301,Smithfurt,10555
Kenneth Short,284,0853 Long Freeway Suite 299,New Tammy,79619
Paul Beltran,285,049 Karen Plaza,West Theresa,56111
Julie Johnson,286,0916 Vega Dale,Lake Tiffanymouth,01163
James Armstrong,287,7803 Jennifer Overpass,Lake Mariah,29963
Christopher Harper,288,1054 Cohen Underpass Apt. 843,West Benjaminmouth,14976
Sarah Price,289,3359 Darius Circles Suite 135,New Emily,70554
Robert Lane,290,7633 Jessica Lane,West Amanda,89033
Rachel Wilkinson,291,9117 Rodriguez Branch,Aaronport,29756
Sarah Wiggins,292,4034 Nguyen Camp Apt. 836,South Jennifer,31414
Cindy Gregory,293,09849 Wright Locks Apt. 446,South Nancystad,08301
Christine Jennings,294,211 Hoffman Divide Apt. 484,Jacobland,62874
Rachel Anderson PhD,295,437 Justin Expressway,Nicolebury,97160
Samuel Dawson,296,42511 Melissa Road,Lake Nicholeport,92898
Kyle Nelson,297,70369 Melissa Parkways,New Jeremyside,05365
Mitchell Sanchez,298,9033 Barker Camp,North William,49490
Jillian Becker,299,373 Chase Pines Suite 457,Michaelport,50431
Kurt Robinson,300,8500 James Common,North Curtis,60848
William Robinson,301,4891 Stephanie Passage,West Michael,56892
Deborah Garza,302,38921 John Rapid Suite 335,Lake Kimberlystad,82954
Katherine Hudson,303,251 Jimenez Cape,Baileystad,67726
Christopher Guerra,304,519 Joseph Locks,Lake Shaneville,14380
Elizabeth Cantu,305,9552 Tina Island Apt. 792,Markhaven,03343
Christopher Moss,306,304 Ingram Expressway,New Juan,96078
Michelle Martinez,307,40147 Adams Rapids Apt. 384,Ericton,01943
Scott Ponce,308,91868 Sean Plains,South Lindsay,41983
Lori Sanders,309,729 Garner Skyway,Davilatown,01837
Laura Mueller,310,35911 Daniel Station Apt. 249,Lake Tomton,77040
Sherri Davis,311,6950 Morrow Landing Apt. 684,Josephmouth,11884
Robert Butler,312,8916 Jennifer Alley Apt. 496,Roseside,52479
Jose Collins,313,904 Stephen Orchard Apt. 037,Lake Nancymouth,31554
Geoffrey Hardy,314,9176 Cochran Tunnel,East Austin,18609
Jessica Waters,315,550 Andrew Summit Suite 914,West Aaronside,88315
Mary Nelson,316,719 Nixon Brook,Danielletown,64464
Pamela Gutierrez,317,354 Jeffrey Manor Suite 861,North Heatherfurt,24630
Richard Duncan,318,03953 Deborah Square Apt. 751,North Deannachester,76174
Lori Russell,319,6384 Jennifer Orchard,Estradaland,95700
Adam Davis,320,288 Anderson Trace,Lake Robertberg,45514
Andrew Young,321,894 Robinson Route Suite 603,Lake Robert,26653
Steven Sanchez,322,041 Ellen Mews Apt. 281,South Francisco,74940
Lori Davidson,323,835 Hunter Light,Angelachester,99868
Mary Robinson,324,4542 Charlene Motorway,Meyersberg,60186
Kathleen Olson,325,6446 Santiago Pass Apt. 245,New Juliafurt,34443
Leon Howard,326,0029 Christina Roads,West Dennis,82141
Jessica Miller,327,670 Joseph Ranch Apt. 161,West Aaron,23077
Shane West,328,3024 Chelsey Ville,Alyssaview,62533
Cody Sandoval,329,297 Donald Circle,Lozanoborough,23488
Austin Young,330,389 Miller Trail,Markhaven,35338
Diana Shaw,331,90151 Wilkinson Brook,East Janet,92002
Kayla Keller,332,86372 Ronald Courts,West Deniseburgh,30821
Alicia Glass,333,07533 Spencer Light Apt. 720,Underwoodstad,32898
Lawrence Strong,334,342 Matthew Heights Suite 546,East Jeffrey,64132
Brian Reed,335,49707 Pierce Burgs Apt. 877,Davidhaven,99120
Miss Tina Lee,336,4630 Samantha Landing,Ashleyview,53119
Joseph Perry,337,642 Brown Island,Meganview,67090
Michael Stewart,338,699 Lauren Path,Marilynside,98958
John Brown,339,2391 Smith View Apt. 772,Rodneytown,42529
John Carter,340,27329 Johnson Prairie Apt. 452,New Shaneshire,49749
Timothy Ware,341,74378 Woods Manors Suite 724,Heatherborough,03764
Jennifer Hill,342,42392 Kelly Grove,Davidhaven,64128
James Landry,343,2748 Lynn Walks Apt. 206,Lyonsborough,25839
Brenda Parker,344,6007 Rachel Vista,South Danielleside,36709
Heather Mitchell,345,88484 Young Points,Port Carol,03576
Diana Vargas,346,715 Emily Land,West Catherinebury,82081
Brenda Mcdonald,347,73467 Park Views Suite 584,Lake Amberville,26768
Jessica Montes,348,222 Rebecca Harbors,Port Danielville,76904
Melissa Walter,349,7491 King Row,Jordanmouth,26402
Sean Bailey,350,32797 John Trail,New Robertside,08136
Theresa Foster,351,690 Stanley Valleys Suite 143,Racheltown,77371
Linda Hogan,352,496 Foster Viaduct Suite 818,South Richardview,53318
Julie Martinez,353,750 Lorraine Rest Suite 150,Mcbridehaven,86908
Julian Braun,354,4912 Hayden Lakes,Kaylatown,37317
Amanda Schneider,355,50445 Kevin Vista Suite 921,Lake Sethfort,55541
Michael Miller,356,19847 Gill Pass,Sarabury,89858
David Taylor,357,279 Nancy Dam,Daveport,58352
Danielle Walls,358,58982 Cook Meadow,East Roy,26246
Matthew Holland,359,0501 Frank Shore,East Michaelmouth,60405
Kyle Warren,360,1498 Dawn Islands Apt. 921,Smithburgh,00504
Philip Lewis,361,823 Gibbs Mount Apt. 514,New Brian,16738
Sierra Whitehead,362,20002 Kelly Gateway Suite 337,Travishaven,74067
Jessica Gould,363,339 Catherine Landing Suite 765,Markshire,98741
Alexandra Riggs,364,56021 Rose Forges,Rossberg,41857
Allen Allen,365,52228 Shawn Village Apt. 625,Angelaborough,25733
Kathryn Golden,366,350 Dylan Summit Apt. 038,Montgomerystad,81451
Tiffany Carter,367,84175 Brenda Divide Apt. 246,New Victoria,83995
Michael Horn,368,884 Kidd Summit Suite 587,East Melissa,57982
Sarah Harris,369,2559 Fowler Manors,Fosterburgh,36149
Michael Green,370,40559 Jonathan Motorway,Garciaburgh,60804
Mark Cobb,371,478 Melissa Court Apt. 114,New Angelashire,78991
Jessica Stewart,372,13788 Miller Land,South Kennethborough,33844
Sharon Rodriguez,373,6745 Green Plaza,Davidside,13593
Jennifer French,374,592 Hardin Wells Suite 044,Paulmouth,31358
Wendy Phelps,375,66618 King Village,North Jaredport,17286
Robert Mcguire,376,03952 Jose Roads,Jeanchester,46172
Kyle Andersen,377,45752 Steven Islands,Reynoldsport,87616
Emily Walsh,378,86567 Christopher Trafficway,Lake Tammyborough,58493
Nathaniel Collier,379,95824 Joshua Underpass,Mooreborough,32014
Christopher Rivera,380,54118 Dale Alley,Hicksmouth,72109
Stephanie Adkins,381,11092 Juan Course Suite 805,Woodsburgh,74433
Eric Rush,382,809 William Dam,East Christophermouth,57486
Nathan Williams,383,1199 Jones Ports,Gregorybury,51821
Gregory Richmond,384,440 Joshua Shoal Apt. 040,Port Robin,70426
Pamela Little,385,267 Kelli Radial Suite 738,Laurastad,16233
Sean Reyes,386,535 Desiree Park Apt. 334,East Maryville,58902
Amy Robles,387,7789 Jennifer Curve,Lake Timothy,69571
Danny Berry,388,64765 Randall Green Apt. 320,Mcknightbury,49424
Jason Jefferson,389,3953 Brewer Spurs,New Tiffany,69146
Bridget Schneider,390,7737 Billy Well Suite 667,New Jamie,55033
Brian Jones,391,420 Villa Falls,Port Hannahview,95623
Jennifer Guzman,392,599 Moore Lodge,Lake Darrenburgh,30564
Shirley Terry,393,0631 Jo Forest Suite 454,West Elizabeth,71412
Ashley Salas,394,9832 Benjamin Light Apt. 088,Johnport,46697
Rebecca Smith,395,47730 Stephens Square,South Aimee,84114
Michael Jones,396,990 Latoya Village Suite 679,Georgehaven,93834
Nancy Glenn,397,2024 Peterson Light,Nelsonland,28621
Melissa Hall,398,20085 Wade Island Apt. 459,New Kayla,62550
Carlos Howard,399,87172 Hamilton Fords,Hillburgh,80720
Andrew Brown,400,020 Crystal Station,Caseyville,78897
Daniel Hall,401,224 Figueroa Mountains,Andersonland,30835
Dennis King,402,33032 Laurie Locks,Brettfurt,82941
Paul Pratt,403,17795 Tina Forges Apt. 859,Lake Christine,09140
Beth Roach,404,3933 Steele Meadow Apt. 417,Murphyside,10583
Mitchell Frank,405,77133 Swanson Extension,West Maryburgh,59914
Jennifer Cameron,406,98698 Nicole Orchard Suite 882,Heatherside,37111
Thomas Espinoza,407,38863 Combs Ways,North Jamesberg,07891
Albert Sparks,408,69794 Jones Centers Apt. 156,Tommyburgh,32435
Heather Stewart,409,096 Daniels Mission,Shannonbury,78647
Anthony Carroll,410,2199 Roberts Ridges,Ericstad,36558
Dwayne Wells,411,749 Kenneth Square Apt. 336,North Veronicaview,68875
Rhonda Hamilton,412,466 Crawford Mountain,West Antonio,25597
Jonathan Peters,413,5003 Cameron Port Apt. 913,Edwardsfort,60405
Deborah Norman,414,191 Andrea Courts,Allisonburgh,35039
Anna Brown,415,45014 Bell Mills Apt. 518,South Lisafort,49448
Michele Morales,416,4466 Whitaker Drives,Port Thomas,94383
Lauren Johnston DDS,417,316 Garner Drive Suite 514,Jonesville,72026
Darryl Baker,418,84002 Stephanie Estate Apt. 104,Littleburgh,16526
Daniel Mueller,419,85620 Simmons Summit,Stephenview,29597
David Nguyen,420,3558 Padilla Springs Apt. 877,Lynchchester,47411
Erica Hoffman,421,364 Tammy Springs Suite 878,Lake Gina,53311
Carol Johnson,422,3226 William Union,Johnhaven,42247
Amanda Rios,423,796 Nancy Station Apt. 945,Michaelhaven,04375
Andre Johnson,424,22205 Thompson Stravenue Apt. 299,Williamtown,95374
Keith Henderson,425,633 Rivera Lane,Stephanieport,20664
Dr. Victoria Martin,426,8642 Martha Mountains,New Todd,49833
Mariah Parrish,427,6982 Powell Square Apt. 742,Lake Richardburgh,66837
Dwayne Johnson,428,156 Adams Glen,Chadside,23337
Cathy Whitaker,429,854 Anthony Crest,Lake Debra,75309
Luis Obrien,430,8274 Alexander Passage Apt. 746,North Kirsten,13206
Jessica Robles,431,324 Gallagher Plains,Taraville,30516
Jeremy Johnson,432,89156 Vance Pass Apt. 849,Gloriaview,93739
Brian Spence,433,590 Carlos Locks Apt. 034,Robertaland,77758
Zachary Crawford,434,528 Brown Stravenue,Ericaside,66009
Geoffrey Miller,435,94897 Atkins Coves,Patriciamouth,28453
Lisa Williams,436,7519 Ware Manor Apt. 717,East Meganland,64683
Holly Ferguson,437,221 Hill Fall Apt. 278,Shaffertown,42145
Wesley Brown,438,22341 Jones Point Suite 513,New Jennifertown,09531
Ryan Hill,439,60383 Cowan Forge,Lake Victoria,32273
Robert Conway,440,9081 Coffey Street Apt. 646,South John,35081
Don Martin,441,25544 Nicole Flats Apt. 700,New David,27240
Jennifer Hanson,442,220 Anthony Club Apt. 222,New Toddstad,61024
Ian Martin,443,354 Thompson Port,New Greggton,38130
Chloe Le,444,60357 Ellis Terrace Apt. 931,South Autumnfurt,04034
Jason Martinez,445,379 Kevin Key,East Madison,51810
Donald Valdez,446,376 Vaughn Via,Fergusonborough,07806
Gabriela Duarte,447,3122 Vincent Mountain Suite 519,New Matthew,21596
Thomas Briggs,448,581 Lisa Trace,East Richard,64924
Pamela Haynes,449,0692 Roberto Mountain,Port Aaron,52400
Austin Lambert,450,4347 Diaz Cliff Suite 690,New Marytown,62699
Damon Payne,451,49334 Loretta Locks,West Robert,28788
Julie Murray,452,07629 Eric Centers,Bradleyberg,24501
Carrie Perry,453,5863 Hawkins Forks,Joneshaven,39810
Mary Todd,454,8805 Roberts Brooks,Natashaton,09785
Jody Parsons,455,73674 William Isle Apt. 127,Beckerhaven,91202
Donna Hughes,456,351 Amy Ville,West Debrashire,52175
David Smith,457,064 Paul Locks,New Meredithville,04928
Erica Melendez,458,139 Hill Square,Lauraland,50909
Matthew Martinez,459,85360 Debra Junctions Apt. 396,West Rebecca,54659
Kathleen Carrillo,460,445 Carolyn Summit,New Becky,77045
Breanna Shannon,461,66158 Browning Port,South Tinahaven,10000
Richard Sellers,462,3546 Jonathon Island,New Michelleborough,36279
Mrs. Stephanie Reed MD,463,223 Joshua Drives Suite 662,Karenchester,98802
Michael Newman,464,1685 Lee Orchard,Kevinside,26556
Selena Gray,465,5972 Davis Oval,Melissahaven,76066
Christopher Perry,466,698 Victoria Knolls,North Juan,91565
Michael Robinson,467,475 Lee Corner,North Michael,56476
Julie Edwards,468,7843 Scott Underpass Suite 713,Oliverchester,39766
Thomas Crawford,469,757 Michele Rest,Port Austin,48127
Kathryn Taylor,470,2652 Chandler Garden,New Carl,72387
Jesse Miller,471,3769 Jasmin Village,East Ryanmouth,73175
Jermaine Curtis,472,7380 Smith Underpass,North Nicolebury,49586
Samantha Young,473,0602 Bobby Pike,New Ryan,61598
Brenda Pena,474,5951 Carlos Flats Suite 968,South Rachel,97074
Melissa Wilson,475,547 Brittany Camp,North Teresa,32825
Jason Young,476,873 Jessica Stravenue,Joshuahaven,17278
Rebecca Mendoza,477,654 Tracy Skyway Suite 409,Gonzalezmouth,97287
Terri Keller,478,33389 Evelyn Locks Apt. 956,West Courtney,61568
Rachel Jenkins,479,78284 Robinson Underpass Apt. 093,Kaneborough,89109
Karen Johnson,480,0409 Smith Ranch Suite 259,West Jeffrey,74865
Jeremy Murphy,481,95350 Owens Greens Apt. 140,East Lauren,14172
Dorothy Gilbert,482,7257 Wilson Wells,New Melissaberg,62302
Stephanie Irwin,483,790 Wilson Groves,Leslieview,36640
Marc Serrano,484,3997 Henry Lakes Suite 503,New Melaniebury,16096
Alexander Robinson,485,656 Abigail Summit,Stephensside,75496
Brittany Lynch,486,0143 Douglas Rapids,North Jerry,90775
Michael Moore,487,4528 Kimberly Overpass Suite 600,West Joelland,69877
Nathaniel Peters,488,58599 Snyder Hill Suite 398,Port Stuartburgh,86808
Kristin Bartlett,489,0143 Jacqueline Spurs Suite 136,New Matthew,64108
Kristen Long,490,91256 Johnson Light,Pamelafort,20111
Robin Todd,491,82103 Dunn Mall Apt. 396,Carlafort,28233
Sandra Robinson,492,4586 Fuentes Trace Apt. 987,New Ashleystad,61406
Chad Mendez,493,731 Dixon Oval Suite 046,Lake Samantha,76397
Justin Foster,494,80318 Robert Vista Apt. 714,New Marcland,95488
David Davis,495,489 Christina Rue Suite 870,Aguilarview,00689
Michael Brewer,496,7545 Stuart Fords,Colleenville,95483
Dominique Davis,497,0582 Richard Hollow,South Jackburgh,10163
Leonard Ibarra,498,4482 Briana Motorway Apt. 562,Deannachester,29421
Sara Patterson,499,06057 Brown Rapids Suite 752,East Williamview,06984
Walter Simon,500,42431 Isaac Village Apt. 216,Meredithside,86754
Kimberly Gomez,501,41364 Jacob Forges Apt. 610,North Bradstad,44903
Robert Drake,502,690 Park Haven,Chelseamouth,57375
Andrea Baker,503,5242 Steven Manors Apt. 371,Alyssaville,14700
Melinda Richardson,504,4021 Hutchinson Villages Suite 795,Kaylafort,35577
Susan Mueller,505,886 Mark Forest Suite 913,New Tyler,43698
James Alexander,506,88358 Russell Tunnel Suite 535,Danaport,17919
Kyle Harris,507,392 Johnson Divide,West Cheyennechester,97421
Joseph Wise,508,17196 Brown Trafficway,South Peter,24789
Beth Martin,509,30305 Chambers Wells Apt. 893,Jeremyshire,96817
Brandon Rodriguez,510,3083 Long Pine Suite 807,South Suzanne,76052
Michael Grimes,511,690 Walker Ridges Suite 155,Kimberlybury,54415
Michael Graham,512,05790 Dana Crossroad Suite 220,Millerville,93550
Nancy Campbell,513,45790 Turner Harbors Suite 755,Colemanmouth,52149
Steven Wright IV,514,4833 Bailey Turnpike,Christinachester,34487
Melanie West,515,952 Myers Loop,Troyburgh,69026
Vanessa Davis PhD,516,90926 Desiree Crossroad,Richmondport,66442
Nicole Robbins,517,799 Joseph Crest Apt. 629,North Mary,22000
Sarah Wallace,518,547 Buckley Locks,Lake Theresaland,06232
Kimberly Nash,519,933 Aaron Club Apt. 544,Davisfurt,65936
Jason Meadows,520,93702 Alicia Park,Lewisburgh,59972
Scott Thomas,521,4868 Collier Harbor,Joanmouth,57788
Julia Burton,522,0217 Melissa Valleys,South David,55464
Michael Sanchez,523,9461 Martin Inlet,East Richardside,85339
Charles Long,524,90625 Jacob Locks,Martineztown,29416
Kristin Short,525,635 Watts Streets,Harrisport,71053
Joel Smith,526,81434 Smith Plains Suite 530,North David,02012
Katie Jenkins,527,3608 Nicole Ranch Apt. 398,Stevenside,00851
Andrea Jones,528,967 Hopkins Station Suite 751,Lake Michealmouth,29835
Sharon Thompson,529,92875 Martinez Causeway Apt. 378,Glovertown,78705
Miranda Fleming,530,6275 Walter Motorway,Amyshire,30190
Philip Norton,531,89248 Aguilar Throughway,South Philip,19505
Anna Long,532,2418 Ryan Unions Apt. 920,New Rodney,95010
Brian Torres,533,3610 Jill Rest,South Karenmouth,71920
Gary Guerrero,534,83651 John Prairie Suite 865,South Michael,60819
Tyler Nunez,535,8301 Hayden Forge,Nicholeside,57469
John Smith,536,452 Hart Drive Apt. 525,Lake Kimberlymouth,88396
Bill Reyes,537,8531 Carlson Rue,Nicholasport,44993
Jerry Jones,538,8729 Jennifer Bypass,West Suzanneberg,54813
Sandy Bowen MD,539,686 Samuel Parkways,North Brianbury,80140
Katherine Shelton,540,5826 Kathy Summit Suite 578,Lake Nathanside,88385
Ashley Johnson,541,892 Martinez Viaduct Suite 652,New Tyler,51205
Lynn Johnson,542,10421 Megan Lodge Apt. 315,South Hollyport,27768
Anthony Lane,543,986 Lisa Stream,East Alyssatown,62360
Tyler Pacheco,544,92247 Tyler Glens Apt. 284,New Anthony,85437
Natalie Campbell,545,931 Richard Freeway Apt. 840,Michaelmouth,34900
Kathleen Ward,546,593 Lopez Curve,Anthonyton,65017
George Frank,547,67849 Jenkins Mews,East Mitchellmouth,62308
Dale Castillo,548,786 Justin Ports Suite 783,Lisamouth,12273
Richard Kemp,549,59111 Brown Rapids Apt. 011,South Jenna,95002
Brian Romero,550,348 Garza Trace Suite 428,South Andrewmouth,56308
Michael Carroll,551,674 George Radial Suite 805,West Terriland,18613
Kristopher Bowers,552,79111 Hamilton Springs,Smithmouth,15417
Jordan Walters,553,350 Candace Junctions,South Samuelville,60783
Angel Cooper,554,56128 Calhoun Harbors,Keithshire,98092
Marc Bean,555,213 Jack Glen,Perezchester,56252
Robert Foster,556,6795 Rose Stravenue Apt. 311,East Michellefort,02986
Bryan Davis,557,8139 Brent Stream Suite 570,New Laurafort,77254
Robert Rivera,558,71740 Amanda Plains Suite 302,Lake Jonathan,66109
William Martinez,559,111 Nguyen Isle Suite 874,South Christopher,77651
Bobby Navarro,560,173 Alyssa Station,Kirkhaven,71415
Kelly Townsend,561,28445 Mason Parkway Suite 652,Baxterstad,28028
Shawn Lewis,562,0524 Michael Forest Suite 710,Amandaberg,83646
Brandon Austin,563,29268 Davis Estates Suite 267,Reginaside,31416
Charles Parrish,564,829 Dalton Pass,Staceyport,54264
Brenda Brown,565,46080 Elizabeth Haven Apt. 548,New Evanborough,63445
Danielle Russo,566,2753 Isabella Fort Suite 022,East Sarah,57286
Eric Wu,567,781 Kim Circle Apt. 436,New Rodney,32875
Emily Martin,568,466 Johnson Parkways,Jamesstad,36913
James Walker,569,6897 Laurie Pine Suite 329,Perezside,58810
Erik Norman,570,73468 Cantu Roads,Lake Lindsaystad,69245
Timothy Herrera,571,07403 Traci Extension,West Tonya,32190
Carol Mccall,572,7116 Mariah Cove,Laurenfort,90604
Mark Thompson,573,5395 Wang Lock,Stewartside,33794
Danny Gomez,574,964 Patricia Lane Suite 906,Thompsonville,15402
Kevin Harvey,575,8575 Mark Estate,Lake Michellemouth,15825
Ashley Gonzalez,576,7585 Jones Corners Suite 907,Garciashire,59082
Aaron Mayer,577,17252 Emma Road Suite 947,Hollowaymouth,19541
Kelly Ramirez,578,7648 Angela Shore Suite 925,Kaylabury,54839
Rebecca Kelly,579,507 Powell Trail Suite 935,North Charleneshire,26571
Anthony Floyd,580,9539 Rice Mews,Ericport,81783
Elizabeth Rojas,581,308 Greer Islands Suite 335,Port Stephen,45471
Brenda Garcia,582,65290 Powell Place,New Megan,86406
Richard Richmond Jr.,583,5128 Makayla Shore Apt. 720,East Barbara,07833
Lauren Kelly,584,001 Jacob Stravenue,Edwardtown,88214
Misty Adams,585,2544 Billy Square Suite 821,Jameschester,04529
Amy Orr,586,85196 Virginia Dam,Port Louisland,53554
Gregory Chambers,587,3970 Wanda Curve,Lake Marioside,55767
Bradley Pierce,588,8055 Black Tunnel,Mccarthychester,60425
Maria Villarreal,589,447 Mary Prairie Apt. 124,Thomastown,31359
Brianna Allen,590,03843 Noah Land Apt. 661,Pattersonchester,83566
Mr. Christopher Oneill,591,4477 Melanie Corner Apt. 627,Sonyaton,82242
Donald Faulkner,592,049 Mary Crossing Suite 184,Sarahfort,78742
Patrick Santiago,593,135 Rios Trail,Phillipsport,58062
David Martin,594,591 Adkins Port,South Mary,74487
Kenneth Jimenez,595,469 Burns Fields Apt. 569,Hernandezbury,38758
Mark Mann,596,06613 Leon Mission Apt. 863,South Melissaburgh,35739
Regina Davis,597,3285 Martinez Stream,South Roberttown,36970
Keith Carter,598,9989 Annette Fork,West Paulaton,44533
Tiffany Brown,599,819 Owens Course,New Tommy,70227
Heather Miller,600,4425 Ricardo Corner,South David,94620
Bobby Williamson,601,4747 Johnson Road Apt. 230,Rachaelland,63621
Lee Peterson,602,3568 Moses Throughway Suite 888,North Andrew,05640
Tracey Jenkins,603,979 Chen Heights,Lake Jasmine,74199
Steven Clark,604,428 Olivia Key,Lake Kimberlystad,85554
Benjamin Simmons,605,44440 Mercer Ports,Waltersmouth,57940
Brenda Frey,606,1112 April Well Suite 980,Lake Amandaton,09113
Mario Rivera,607,988 Joel Circles Apt. 203,Carlsonburgh,63031
Jennifer Beasley MD,608,6346 Thompson Way,Michaelfort,37125
Aaron Willis,609,81454 Amy Streets Suite 487,Fitzgeraldchester,84319
Lynn Atkins,610,6429 Knapp Prairie,Stephenville,02124
Lisa Rodgers,611,008 Mark Stream,Kristinhaven,37163
Jody Padilla,612,65791 Turner Rapids Suite 795,North Jackie,02237
Julie Aguirre,613,59595 Morgan Haven Apt. 936,Markbury,64715
Amanda Thompson,614,34354 Obrien Freeway,South Rebeccaville,78178
Scott Bernard,615,064 Catherine Forks,Nicholasview,97305
George Mays,616,27368 Campbell Extension Apt. 453,Davidshire,00594
Jennifer Miller,617,8496 Mack Light,Carneyfort,73731
Jamie Foster,618,0224 Bolton Mountain,Stephenmouth,06363
Sharon George,619,49171 Sabrina Key Apt. 758,South George,77368
Dr. Gary May,620,6160 Woods Vista,North Amytown,63599
Lisa Matthews,621,237 Anne Dam Apt. 055,Port Michaelside,38473
Diane Chapman,622,9463 Jordan Drive Apt. 629,South Paulaton,23000
Stephanie Lee,623,3233 Larry Neck,Ronaldmouth,95032
Richard Whitehead,624,9341 Audrey Hills,Thorntonfort,08964
Christina Ross,625,55741 Smith Neck,Amandabury,08096
Brittany Collins,626,10273 Maria Loaf,Diazburgh,63149
Rodney Combs,627,56839 Tamara Garden,East Sierrastad,98421
Glenn Perry,628,946 Shannon Cliff Apt. 828,East Sandrastad,55761
Meghan Jenkins,629,229 Kyle Ford Apt. 054,Austinton,25036
Kelly Cochran,630,322 Bryce Shoal Suite 403,Mendezberg,32985
Barbara Lee,631,5608 Cantu Locks Suite 009,Martinezstad,55238
Scott Bailey,632,2705 Cynthia Port Suite 537,East Michelle,68843
Katherine Chang,633,972 Kimberly Place Apt. 041,North Kimberly,16774
David Allison,634,72492 Banks Bridge Apt. 074,Hernandezstad,12293
Peter Cooper,635,3339 Martin Squares Apt. 186,Tracychester,68719
Bryan Lee,636,935 Cruz Tunnel,Crystalberg,39657
Joseph Mcmahon,637,396 Jennifer Falls Apt. 783,South Paulamouth,99732
Michael Page,638,7823 Diana Park Suite 712,North Frederickfurt,97666
Laura Duke,639,71021 Lauren Junctions,New Leah,48380
Mindy Rodriguez,640,7790 Tara Haven,West Jason,48981
Mr. Jeremy Cross MD,641,2917 Nathan Neck,Russoside,66549
Samantha Hoffman,642,204 Evan Station,Anthonymouth,55647
Margaret Smith,643,324 Regina Greens,Walkerberg,99703
Robert Elliott,644,36889 Johnson Groves,South Daniel,75995
Christine Drake,645,5217 Bradley Lights Apt. 805,Cruzburgh,20184
Daniel Williams,646,71117 Hawkins Orchard Apt. 744,Seanland,87889
Nathan Hebert,647,78104 Jessica Vista,Donaldfort,38769
Anthony Sherman,648,6884 Martinez Cape Apt. 660,Lake Donnaville,38610
Aimee Kline,649,4981 Janet Wells,South Thomasville,02012
Rebecca Bautista,650,6032 Nicole Forges,South Olivia,93110
Robert Levine,651,442 Danny Crest,New Donald,08053
Nina Vasquez,652,90640 Jennings Park Apt. 898,Katherinechester,66705
Marcus Andrade,653,46580 Green Crossroad,Myerschester,12393
Robert Green,654,0438 Jones Forge,New Kathleen,58168
Caroline Fields,655,3844 Pham Rapid Suite 094,Nicholasshire,89749
Samuel Webb,656,7745 Bernard Common,Kennethhaven,81699
Sarah Gonzales,657,618 Erin Trail,North Brandon,87630
Jesse Berg,658,134 Catherine Ridges Suite 986,West Jonathonland,16002
Allison Shah,659,53175 Johnson Ports Suite 780,South Pamelaton,94307
Samantha Nicholson,660,1616 Martin Walk Apt. 078,Terryview,38291
Jeffery Martin,661,38598 Nathan Summit,Wardton,82383
David Gonzalez,662,78807 White Tunnel,Dudleyshire,22775
Nathan Smith,663,4692 Mendez Green Apt. 229,North Vickiefurt,81431
Jennifer Watson,664,5298 Christine Road,Daniellemouth,12928
Karen Jones,665,4924 James Trail,Harrisonton,92640
Alexandria Hill,666,760 Dunn Walks Apt. 899,Patricialand,62542
Erin Miller,667,7327 Wagner Curve,New Christinatown,06224
Joanna Ortiz,668,038 Emily Junctions Apt. 521,West Douglas,44324
Anna Best,669,36172 Rogers Mount,West Miguelhaven,40335
Jane Brooks,670,3821 Tyler Street Suite 920,East Kimberlyville,58912
Debra Duncan,671,21442 Bryant Shore Apt. 983,Collierview,24849
Nicholas Turner,672,1151 Heather Bridge,North Anthony,46583
Jason Johnston,673,1208 Cantu Haven,Tiffanymouth,54706
Jordan Moody,674,679 Finley Spring,North Alisha,70004
Ms. Jeanette Johnston,675,569 Mosley Mission,Christopherview,55252
James Jensen,676,98521 Lewis Center,Amymouth,83227
Valerie Johnson,677,412 Esparza Hills,Gutierrezbury,72953
Tim Thompson,678,9106 Mary Gardens Apt. 454,East Gary,81714
Christine Davidson,679,4426 Brett Terrace,East Christine,97475
Alexandra Myers,680,75265 Kelly Street,Mariahshire,78334
Richard Brown,681,7937 Ana Pike,Turnerfort,55450
John Reyes,682,6185 Marks River Suite 155,New Matthewton,67598
Richard Allen,683,8107 Michelle Views Apt. 606,Bishopside,69770
Christopher Wood,684,771 Hansen Highway Apt. 404,Caldwellchester,92431
Adam Bates,685,353 Chapman Club Suite 444,Mariemouth,23369
Kelly Mooney,686,682 Romero Road Suite 405,West David,26267
Hector Wright,687,813 Watkins Drives,South Matthewberg,71400
Allison Duncan,688,7978 Garcia Expressway Apt. 375,Taylorstad,23537
Carl Valdez,689,6091 Tiffany Hill,West Tinaborough,66142
Jessica Herrera,690,788 Lori Shore Apt. 928,South Martin,58610
Hannah White,691,0789 Reilly Harbors Suite 100,West Laurenfurt,53452
Michael Morris,692,4102 Colin Coves Apt. 395,North Victoria,47349
Veronica Hardy,693,31663 Guerra Centers Suite 329,West Maria,60860
Tara Mitchell,694,76082 Douglas Fields,West Edwinbury,72508
Caleb Patel,695,509 Grimes Parkways Apt. 745,Oconnorchester,18689
Kiara Adams,696,67683 Holland Trafficway,Lake Laurie,84091
Michael Thompson,697,8923 Estrada Trail,Mcdonaldburgh,57341
Gina Carey,698,36894 Lewis Bypass Apt. 500,Lake Toddmouth,90131
Austin Gonzalez,699,1260 Wong Corner,South David,06810
Mackenzie Parker,700,0145 Connie Village,Kristinaburgh,40098
Sarah Gardner,701,6489 Lawrence Landing Suite 137,Holderfurt,95562
Alexis Harrell,702,062 Bailey Land,South Kayla,18162
Brian Glover,703,981 Lori Neck Apt. 421,Jenniferview,93487
Darren Lara,704,1326 Campbell Burg Suite 726,North Angelafort,99221
John Smith,705,42806 Gonzalez Ridges,West Ebonybury,42695
Brandi Walsh,706,3695 Nicholas Walk Suite 709,Raymondton,22329
James Peck,707,83612 Karen Brook Apt. 371,South Tiffany,63850
Shannon Vargas,708,1152 Laurie Lakes,South Valerie,45454
David Russo,709,367 Charles Parks,Melendezton,86824
Hailey Cochran,710,7533 Cortez Spurs,South Thomas,42088
Hannah Anderson,711,287 Michelle Ways,Davishaven,87298
Michael Benjamin,712,378 Angela Crescent Suite 598,West Valerie,16764
David Davies,713,7946 Daniel Islands Apt. 023,Myersshire,73782
Heather Miller,714,131 Vasquez Fork Suite 595,East Crystal,56155
Michael Dunn,715,5128 Alyssa Walk Suite 870,Burnsstad,10085
John Morrison,716,56190 Acevedo Canyon Apt. 333,Port James,05958
Brandon Bishop,717,7054 Palmer Land Suite 562,South Mark,12576
Felicia Becker,718,4485 Burton Pike,Patriciaville,56490
Adam Johnson,719,138 Scott Heights,Johnsonhaven,66945
Brian Moore,720,5338 Huang Vista,Waltersbury,96474
Kristen Durham,721,23268 Molina Lodge Apt. 467,New James,51251
Joseph Robinson,722,374 Mary Lodge Suite 738,Port Ericburgh,47754
Alexander Brown,723,310 Bradley Mission Suite 039,East Davidborough,24946
Jessica Perez,724,129 Melissa Mountains Suite 871,Oconnorland,39752
Julie Macdonald,725,34643 Michelle Underpass Apt. 895,Alexandershire,10371
Dr. Jennifer Fernandez DVM,726,29242 Powell Mountain,West Toddburgh,76164
Michael Tucker,727,537 Nguyen Station,Port Patrick,59890
Jessica Jones,728,8986 Kevin Lights Apt. 309,Burchport,16520
Melanie Moore,729,51904 Scott Mission,North Bradleyport,77235
Tami Leach,730,66100 Gomez Loaf Apt. 215,Reevesstad,95270
Katelyn Buck,731,1176 Samantha Spring,Lake Tyroneville,55437
Melinda Davis,732,2277 Joseph River Apt. 644,Barkerbury,86368
Ronald Villegas,733,33512 William Stream Suite 641,Hopkinsland,60540
James James,734,941 Long Lake Suite 066,Woodville,86827
David Hill,735,90766 Pham Tunnel Apt. 256,West Corey,65564
Julie Sheppard,736,38168 Santiago Inlet Suite 951,Clementsville,23101
Scott Mccall,737,72093 Stewart Light,Jasonmouth,03488
Jose Clark,738,4327 Ryan Hollow,West Sarahside,11741
Christopher Harvey,739,957 Peters Road Suite 532,North Kathrynfort,49899
Jennifer Russell,740,0052 Christopher Mount,Daniellefort,17431
Stephanie Green,741,18479 Kimberly Extensions Suite 948,Port Christopherside,18114
Lori Cruz,742,164 Davies Street Suite 127,East Christinaville,68600
Dawn Francis,743,393 Roberts Orchard,North Amanda,16180
Melanie Peterson,744,4761 Anthony Stravenue,South Amanda,02150
Laura Phillips,745,8975 Conner Alley,East Marcushaven,80320
Scott Shelton,746,69633 Nicholas Row,Markland,10866
Jonathan Hall,747,754 Montgomery River Apt. 405,West Michaelstad,05773
Elizabeth Wright,748,9704 Michael Manors,New Desiree,88459
James Garcia,749,34892 Cook Circle Apt. 627,West Belinda,48013
Heather Brown,750,00335 Patrick Heights,South Tammy,72456
Joan Page,751,684 Jermaine Mountains Apt. 043,Lake Bradberg,22142
Lisa Brooks,752,87514 Samuel Skyway Apt. 382,North Aaron,59057
Arthur Brooks,753,634 Nelson Fields,Mccalltown,22470
April Herrera,754,06865 Hammond Green,Port Stephen,58063
Chris Reed,755,668 Lauren Row,Bryanton,21505
Jessica Wu,756,786 Danny Islands Suite 378,Jennifermouth,21451
Courtney Weber,757,61301 Calvin Mountains Apt. 592,New Adamchester,62865
Joseph Dominguez,758,4381 Gabriel Drive,Thomashaven,34281
Christopher Campbell,759,917 Margaret Lodge,Schneiderfort,19927
Anthony Caldwell,760,649 Christopher Parkways Apt. 413,Michaelton,58891
Michael Lee,761,720 Lynn Ville Suite 717,West Julieberg,63937
Kristina Ferguson,762,114 Sanchez Unions,Pollardport,40313
Patrick Santana,763,34270 Robert Rapids,New Emmafort,83291
Mr. Richard Jacobs,764,0149 Dominguez Squares,Mitchellfurt,27545
Joseph Harris,765,932 Thompson Mountain Apt. 724,Gallagherland,26629
Travis Davis,766,609 Frank Skyway Suite 983,South Wanda,69303
William Stephens,767,440 Eric Crossing,Melissastad,18370
Michael Brennan,768,466 Rebecca Key,Richardberg,03995
Sarah Oliver,769,321 John Summit,South Paulstad,33067
Karen Morris,770,75781 Weaver Locks Apt. 363,Christopherton,36693
Kim Taylor,771,09938 Patty Island,Andersonborough,79837
Ryan Estrada,772,79113 Steven Mountains,North Aaronburgh,43785
Lauren Jones,773,796 Brooke Camp,New Sarah,90281
Victoria Mullins,774,68647 Christina Parkways,Daltonshire,33236
Andrew Howard,775,49398 Melinda Square Suite 247,Lake Danieltown,38880
Sandra Lee,776,181 Jennifer Row,Justinmouth,14047
Amanda Hall,777,280 Mcconnell Extension,Kylechester,05833
Tammy Fisher,778,2130 Crystal Bridge,Ellisstad,75270
Bridget Bishop,779,851 Kenneth Forge,New Devonside,01220
Spencer Giles,780,354 Carlos Ville,Yolandaland,20191
David Perkins,781,4415 Cynthia Roads,Floresbury,91480
Jonathon Warren,782,24620 Ashley Squares,Josestad,40880
Matthew Smith,783,7643 Michael Mountains,West Dalemouth,08332
Steven Kane,784,226 Lisa Village Suite 444,Brownbury,49752
Christy Stokes DVM,785,515 Derek Trail Apt. 036,Patrickberg,05809
Amanda Martinez,786,25173 Terri Mount,East Anthonyside,37062
Hannah Sims,787,859 Melendez Trafficway,Vasquezshire,49186
Ronald Avila,788,73998 Joshua Village,South Kaylaland,92797
Jacob Archer,789,715 Jennifer Turnpike,Theresafort,86716
Julia Harrison,790,93382 Griffin Drives,Longton,23088
Marc Reed DDS,791,0898 Steven Ports,Katiemouth,80381
Diana Allen,792,08706 Rodriguez Lodge,Olsonburgh,09519
Heather Luna,793,667 Chung Groves,Lake Derrick,98560
Lisa Kim,794,5716 Robinson Flats,Port Aaronshire,55017
Marissa Hester,795,60394 Tony Walk Suite 369,South Jimmyberg,03509
Michelle Bauer,796,6050 Jeffrey Springs Apt. 427,North Seanberg,95069
Luke Curry,797,367 Schroeder Drive Apt. 560,New Kathleen,71010
Dennis Novak,798,985 Thomas Villages,Contrerasstad,89856
Emily Jones,799,39846 Andrew Mountains,Delgadoton,13144
Dr. Michael Anderson,800,578 Hernandez Ramp,South Emmashire,16729
Jared Gaines,801,7989 Nicholas Stravenue Apt. 971,Wilsonshire,13987
Scott Estrada,802,3923 Wilson Mews Apt. 596,North Kristenborough,28989
Claudia Oneal,803,63544 Cameron Knolls,Lake Michael,16824
Michael Martinez,804,154 Kelley Islands,Faulknerchester,38906
Scott Parker,805,343 French Stream,East Billy,23214
Virginia Hall,806,50970 Price Highway,Smithburgh,41964
Amy Rose,807,03515 Burgess Ville Apt. 204,Nicholasborough,19254
Justin Buck,808,947 Martinez Viaduct Apt. 205,North Laurentown,00589
Vincent Simon,809,7794 Ellis Bypass,Hodgesport,18731
Marc White,810,044 Brandon Mission Apt. 186,North Jason,52596
Lisa Contreras,811,888 Barbara Lights Suite 942,Melaniebury,26878
Troy Conley,812,9163 Diana Creek Suite 471,East Anthonychester,50730
Sharon Henderson,813,478 Valencia Manors,Smithview,75298
Jessica Stewart,814,222 Mark Corner Suite 399,East Erinmouth,04682
Kevin Allison,815,366 Kevin Estate Apt. 007,Port Jerry,13726
Jessica Morales,816,37884 Keith Shore,West Billside,15747
Latoya Sweeney,817,51510 Mcdonald Valley,Jillberg,96821
Daniel Edwards Jr.,818,49609 Bobby Land Apt. 131,Walkerfort,56777
Juan Barber,819,1206 Collins Gardens,North Kimberlytown,00905
Sandra Brown,820,8487 Miller Mall,South Barbaraport,65191
Traci Johns,821,729 Maria Rapids Suite 975,East Stephenfurt,60261
Aaron Willis,822,76896 Lisa Fork Suite 782,East Andre,49044
Mr. Rodney Jacobson,823,79435 Craig Forks Suite 042,New Scottmouth,21369
Dr. Natalie Nunez,824,778 Emily Radial,Nathanielberg,92094
Stephanie Bennett,825,63279 Curtis Spur Apt. 484,Jonesshire,09452
Sharon Wood,826,3780 Joshua Locks Suite 713,South Jonathan,21636
Garrett Coleman,827,4864 Bryan Inlet Apt. 040,Gomezport,03730
Gary Miller,828,79266 Powell Green,Christianmouth,92154
Melissa Tyler,829,705 Rios Glen,East Williamview,50392
Sandra King,830,92908 Parker Inlet,Harrisonberg,57306
Patricia Brown,831,636 James Trail,Connieside,31134
Kevin Andrews,832,2731 Phillips Green Apt. 517,Anthonyburgh,17714
Kelly Johnson,833,574 Whitney Center Apt. 285,Nelsonfort,07111
Sandra Summers,834,942 Catherine Prairie Apt. 161,Curtisfurt,17838
Jimmy Castro,835,58968 Daniel Light,Morrisonville,40441
Thomas Thompson,836,6444 Jennifer Trafficway Apt. 417,Lake Jamesport,06278
Shannon Ward,837,27388 Malone Crossing Suite 367,Port Joshua,13373
Julian Evans,838,49369 Dennis Union Apt. 382,East Victor,82185
Timothy Benson,839,820 Ward Ports,South Michaelmouth,52954
Jermaine Dean,840,996 Nicole Gateway Suite 696,Valerieville,90149
Timothy Taylor,841,50344 Johnson Circle Suite 749,Gibsonville,48837
Allison Moore,842,079 Rebecca Landing Suite 118,Jesseburgh,54160
Alan Franklin,843,75630 Johnny Circle,Lake Charlestown,67132
Cesar Sanchez,844,436 Campos Ports Apt. 286,North Robertfurt,43761
Scott Pacheco,845,8105 Wallace Freeway Apt. 415,Holdenton,80570
Karen Johnson,846,11148 Kevin River,East Tracy,18736
Michael Freeman,847,487 Hutchinson Ford,Rebeccaburgh,55632
Richard Williams,848,54513 Trevor Light Apt. 007,Ebonystad,10382
Aaron Hendricks,849,74650 Charles Trail Apt. 382,Jasminefurt,04292
Matthew White,850,00475 Johnson Ramp,South Andreaview,47154
Thomas Marquez,851,736 Conley Islands Apt. 714,North Karen,43572
Samuel Curry,852,7140 Mccoy Summit,New Christina,71055
Jeanne Thomas DDS,853,73614 Angela Ports,Anthonyhaven,93020
Christina Hernandez,854,19561 Kelli Ports Suite 714,Sandersbury,13571
Jennifer Johnson,855,0269 Thomas Creek Apt. 706,Michaelmouth,11338
Karen Taylor,856,526 Carey Island,Port Jaredshire,62186
Carl Williams,857,9015 Logan Expressway,Bradleyville,77009
Jose Perkins,858,00393 Wendy Ports Suite 952,Bakershire,67685
Angela Watson,859,61191 Gray Bridge Suite 934,Lake Christine,39893
Roberto Wilkins,860,22844 Morgan Run,East Paulstad,82481
Colleen Adams,861,5012 Jones Isle,Port Williamton,62983
Pamela Fields,862,105 Francis Causeway Apt. 585,South Leahstad,87436
Rhonda Nelson,863,62020 Kenneth Vista,Lake Lisamouth,44152
Robert Kim,864,086 Martin Shores Suite 031,Robertsbury,16781
Katrina Miller,865,4194 Timothy Plains Suite 520,South Lauramouth,39451
Samantha Brown,866,3224 Natalie Port Apt. 704,East Sean,27215
Gabriella Ritter,867,234 Steven Hill Apt. 798,Port Vincenthaven,92096
Elizabeth Hansen,868,95683 Stewart Circle Suite 312,Mannside,23581
Michael Coleman,869,1330 Chandler Neck,Oconnellburgh,17608
Holly Reid,870,35747 Huang Squares Suite 773,East Donna,31821
Jessica Reed,871,492 Palmer Hills Suite 711,East Colton,87977
Garrett Cooper,872,286 Keith Skyway Apt. 295,Monicastad,66351
James Mitchell,873,414 Thomas Dale Suite 420,Spencermouth,83605
Michael Howard,874,2376 Rodriguez Inlet,South Kimberlyport,70213
Tiffany Todd,875,853 Ian Pass,South Ericborough,17301
Shelly Ruiz,876,5170 Sarah Inlet Suite 413,Lake Johntown,37242
Joel Wallace,877,486 Miller Port,Antoniostad,71427
David Alexander,878,1038 Rivera Island,Barnesbury,30190
Lori Buck,879,47309 Rhonda Loaf Apt. 692,Vasquezside,35231
Anthony Munoz,880,89548 Jessica Greens Suite 003,Johnview,62804
Daniel Burton,881,031 Lawrence Hollow,Swansonbury,89495
Jenna Gray,882,3063 Gonzalez Summit Apt. 679,West Angela,62525
Shane Hunter,883,051 Kevin Flat Suite 742,Walkerview,95325
Lisa Owens,884,6861 Geoffrey Well,Davidmouth,40428
Morgan Martin,885,256 Rice Plaza,Michaelmouth,23402
Erin Turner,886,290 Jaime Meadow,North Justinview,28855
Sarah Torres,887,590 Amanda Valley,Port Bryanmouth,51385
Nicole Dean,888,447 Clark Ridges,Lake Scottberg,52412
Benjamin Smith,889,78138 Reyes Tunnel,West Samantha,91651
Kimberly Gonzales,890,417 Margaret Skyway Suite 909,Robinport,83459
Mary Simon,891,25468 Monique Course,New Derek,57894
Adam Sims,892,02841 Jones Road,Port Joshua,92993
Tracy Michael,893,495 Olsen Forks Apt. 067,Jenkinsview,04087
Charles Alexander,894,60787 Cochran Field,New Jessica,65068
Hannah Thompson,895,5643 Johnson Brook Apt. 629,Caitlyntown,05829
Robert Burns,896,262 Emily Mews Apt. 148,South Maurice,38158
Cameron Nguyen,897,687 Pamela Cliff,Hutchinsonfort,76561
Kendra Shannon,898,335 Pierce Ways Apt. 336,Sanchezport,80564
Daniel Garza,899,104 Melissa Mission Apt. 513,South Vanessa,06979
Evelyn Johnson,900,055 Ibarra Burgs,North Jenniferbury,39456
Kenneth Morgan,901,14102 Stephen Points,Margaretstad,68695
Cathy George,902,216 Regina Rue Apt. 177,Lake Jessicaland,35822
Adam Taylor,903,07959 Jackson Common Apt. 989,Clarkside,07386
Amber Gonzalez,904,4592 Linda Crossing,Lake Williammouth,32632
Ryan White,905,0288 Sean Burg Suite 593,Jamesport,23374
Christopher Knight,906,0944 James Lakes Suite 447,East Barbarabury,63449
Jeffrey Coleman,907,697 Scott Circle,East Erinshire,02768
Allison Gross,908,7753 Nicole Drive,West Thomas,32195
Dr. Christine Austin,909,38547 Jason Mountain,Griffithport,06042
Kimberly Jones,910,01763 Katherine Stravenue Suite 889,South Matthew,04039
Sarah Deleon,911,7568 Decker Union Apt. 747,Christinaberg,15627
Matthew Garrison,912,055 Cohen Passage,Laurenton,05826
Alex Williams,913,50397 Wang Shores Apt. 709,Port Virginiamouth,20588
Jennifer Fox MD,914,5083 Samuel Village,Jensenfurt,61477
Jenna Phillips,915,54038 Jesse Manor Apt. 025,Melindahaven,83154
Susan Wilson,916,636 Adam Port,North Marilyn,20890
Gilbert Anderson,917,51302 Santana Lodge Suite 975,Matthewland,50432
Sara Schaefer,918,49175 Samuel Forges Suite 798,West Samantha,57199
Michael Flores,919,86260 Long Mission,North Timothyfort,81894
Jose Lewis,920,610 Oconnell Row Apt. 084,Smithbury,10477
Christine Henson,921,931 John Throughway Suite 990,East Arthurburgh,10644
Courtney Colon,922,5995 Hutchinson Spur Suite 124,Michelleberg,16838
Susan Velasquez MD,923,18434 Yu Mountain Suite 766,South Kristy,90129
Edward Munoz,924,43933 Johnson Forks Suite 589,North Marymouth,27650
Jeremy Dyer,925,6832 Michael Camp,New Stevetown,28996
Jesse Kim,926,63645 Woods Common Apt. 368,Foxside,01714
Michael Anderson,927,2358 Mitchell Stream Apt. 586,Port Katie,24044
Kristin Ramos,928,79167 Turner Shoal,Lake Williamborough,00743
Robert Willis,929,813 Collins Bridge Suite 072,Briantown,03250
Jeffrey Fletcher,930,20802 Lopez Islands Apt. 569,Williamfurt,82577
Vincent Higgins,931,264 Huang Land Suite 237,Jenniferhaven,50215
Bobby Russell DVM,932,5879 Garza Haven,North Catherine,36717
Jeffrey Benson,933,0968 Robinson Hills,North Jackiefurt,55506
Rachael Berger,934,25111 Eric Villages,Port Anthonytown,96702
Stephanie Rogers,935,6923 Fischer Throughway Apt. 201,Kellyhaven,02574
Kristy Snyder,936,6447 Misty Knoll,East Michael,48219
Patricia Lucero,937,386 Norman Unions,Maxwellton,02342
John Chapman,938,040 Morrison Ville Apt. 023,East Paulabury,13813
Angela Roach,939,756 Kenneth Port,Port Elizabethchester,96390
Wendy Pena,940,670 Dawn Extension Apt. 543,Port Ericside,89926
Steven Shepherd,941,34766 Yang Vista,South Shannonshire,59054
James Burns,942,74096 Hayden Pine,Higginsfurt,19181
Calvin Lee,943,9679 Jennifer Orchard Apt. 512,North Michaelfort,96438
Elizabeth Long,944,09474 Mcintosh Mountains Apt. 893,Phillipsmouth,30893
Mr. Nathaniel Davis,945,3344 Bass Forks Apt. 252,Byrdhaven,03965
Daniel Bridges DVM,946,16103 Aguilar Walks,Martinezshire,92270
Scott Stark,947,836 Jones Corner Suite 141,Andrewston,82780
Whitney Murray,948,72440 Mann Summit Suite 504,North Lawrenceside,67854
Joshua Jones,949,4688 Patrick Mews Apt. 514,Robinsontown,89567
Christina Vance,950,513 Owens Lock,Port Johnmouth,87906
Martin Horne,951,40356 Jones Trace Apt. 782,Johnfort,33878
Crystal Ray,952,82385 Casey Mountain Suite 340,East Heatherview,39018
Bruce Collins,953,347 Melissa Ville Apt. 273,North Michael,43811
Michael White,954,99416 Hayes Brooks,North Emily,73286
Tracey Sanders,955,42835 Schneider Ferry Apt. 610,North Jeffrey,83084
Taylor Lewis,956,350 Erica Stream,Stevenville,20004
Jacqueline Olson,957,1451 Mathis Corner Suite 982,Langside,99708
Edward Peterson,958,04596 Krueger Locks,Gonzalezfort,12032
Kathryn Cowan,959,06510 Benitez Inlet Apt. 625,Lake Haroldbury,95098
Amy Mason,960,55595 Alexis Loaf,Jessicastad,67829
Mark Parker,961,0155 Huang Brook Suite 680,Port Katherine,52539
Billy Wilson,962,555 Kathleen Tunnel,Port Normachester,11638
Catherine Montgomery,963,55157 Yvonne Ports Apt. 641,New Shannon,54827
Dawn Lucero,964,854 Morris Union,Johnsonchester,64585
Rebecca Sampson,965,91691 James Freeway,Waltermouth,25174
Sean Thomas Jr.,966,3084 Donald Radial Suite 633,Port Carol,74728
Gabriella Jones,967,957 Foley Plaza,Lindamouth,81166
Emily Berger,968,66451 Steven Fords,West Tinahaven,26401
Michael Grant,969,5109 Bradley Squares,Roweton,28962
Crystal Robbins,970,8591 Boyer Islands Apt. 344,East Shelly,26823
Sheri Keller,971,102 David Isle,Josephville,86514
Abigail Brown,972,06223 Bell Bridge,East Markville,00632
Virginia Washington,973,00771 Keith Corner,Lake Amy,20798
Sheila Allen,974,888 Gutierrez Circles Suite 892,East Jesse,22086
Eric Cantu,975,9610 Tanner Road,Deborahland,61140
Mary Berger,976,123 Tiffany Falls Suite 293,Stephanietown,90139
Donna Rivera,977,941 Ashley Shoals Suite 062,Lake John,80096
Carrie Stephenson,978,336 Amanda Tunnel Suite 308,South Drew,83601
Shelby Peterson,979,8750 Reynolds Brooks Suite 237,Harperfurt,33362
Julia Russell,980,355 George Creek Suite 637,Port Nicholas,95816
Beverly Ward,981,1229 Andrew Drives Apt. 582,Port Peterside,75089
Terry Smith,982,21940 David Cove Suite 511,Lake Cathy,44747
Adam Johnson,983,679 Reynolds Light,Lake Nathan,09742
Carl Jenkins,984,91389 Franklin Square Suite 648,North Amymouth,45002
Caitlin Quinn,985,59464 James Hill,Port Kristenshire,35774
Jennifer Joseph,986,40578 Long Plaza Suite 266,West Kevinhaven,24585
Kara Mercado,987,626 Morales Glens,Beckerborough,53745
Christopher Moyer,988,650 Odom Mission Suite 029,West Olivia,09701
Timothy Greene,989,36433 Hess Station Suite 205,Thomasville,75979
Veronica Wood,990,313 Michael Port Suite 478,West Kathleenburgh,01498
Daniel Green,991,51444 James Port,East Jane,85574
Walter Booker,992,03153 Graham Lakes Apt. 057,North Marystad,12689
Kristen Robbins,993,4654 Jennifer Branch Suite 534,Roberttown,11414
Leslie Watson,994,12061 Hayes Grove,Port Juanville,03425
Amanda Roberts,995,9480 Billy Crossing,Port Aliciastad,80200
Samantha Pineda,996,5759 Michael Neck,Port Kimberly,41151
Jennifer Hernandez,997,276 Blackburn Street,Scotttown,64490
Trevor Odonnell,998,8309 Brown Mountain,East Michael,55473
Miranda Snyder,999,34268 Werner Brook,New Kathleen,86564
Anthony Schmidt,1000,1402 Hicks Key,Brooksfort,71189
Max Brown,1001,625 Mclean Light,New Jenny,36021
